{
  "collapse-filter": true,
  "search": "",
  "showTags": false,
  "showAttachments": false,
  "hideUnresolved": false,
  "showOrphans": true,
  "collapse-color-groups": true,
  "colorGroups": [],
  "collapse-display": true,
  "showArrow": false,
  "textFadeMultiplier": -3,
  "nodeSizeMultiplier": 1.478125,
  "lineSizeMultiplier": 2.49895833333333,
  "collapse-forces": false,
  "centerStrength": 0,
  "repelStrength": 16.1458333333333,
  "linkStrength": 0.791666666666667,
  "linkDistance": 189,
  "scale": 0.3628873693012162,
  "close": true
}