{
  "main": {
    "id": "07f7c2970e55f0ee",
    "type": "split",
    "children": [
      {
        "id": "60c8c935b5faac9d",
        "type": "tabs",
        "children": [
          {
            "id": "f20266f8bac1ff8d",
            "type": "leaf",
            "state": {
              "type": "empty",
              "state": {},
              "icon": "lucide-file",
              "title": "New tab"
            }
          }
        ]
      }
    ],
    "direction": "vertical"
  },
  "left": {
    "id": "1284ee80296c81ec",
    "type": "split",
    "children": [
      {
        "id": "a8f1ef05e9056c8d",
        "type": "tabs",
        "children": [
          {
            "id": "f86df0934d8f3e60",
            "type": "leaf",
            "state": {
              "type": "file-explorer",
              "state": {
                "sortOrder": "alphabetical",
                "autoReveal": false
              },
              "icon": "lucide-folder-closed",
              "title": "Files"
            }
          },
          {
            "id": "a8eae46975c1920f",
            "type": "leaf",
            "state": {
              "type": "search",
              "state": {
                "query": "",
                "matchingCase": false,
                "explainSearch": false,
                "collapseAll": false,
                "extraContext": false,
                "sortOrder": "alphabetical"
              },
              "icon": "lucide-search",
              "title": "Search"
            }
          },
          {
            "id": "5a8d79ff4ca9a5e6",
            "type": "leaf",
            "state": {
              "type": "bookmarks",
              "state": {},
              "icon": "lucide-bookmark",
              "title": "Bookmarks"
            }
          }
        ]
      }
    ],
    "direction": "horizontal",
    "width": 200
  },
  "right": {
    "id": "092b7f270016e11b",
    "type": "split",
    "children": [
      {
        "id": "afe8449c7bc8320a",
        "type": "tabs",
        "children": [
          {
            "id": "a4b6c9192033f180",
            "type": "leaf",
            "state": {
              "type": "backlink",
              "state": {
                "collapseAll": false,
                "extraContext": false,
                "sortOrder": "alphabetical",
                "showSearch": false,
                "searchQuery": "",
                "backlinkCollapsed": false,
                "unlinkedCollapsed": true
              },
              "icon": "links-coming-in",
              "title": "Backlinks"
            }
          },
          {
            "id": "40e16aa4362f6876",
            "type": "leaf",
            "state": {
              "type": "outgoing-link",
              "state": {
                "linksCollapsed": false,
                "unlinkedCollapsed": true
              },
              "icon": "links-going-out",
              "title": "Outgoing links"
            }
          },
          {
            "id": "de2be693a4229a54",
            "type": "leaf",
            "state": {
              "type": "tag",
              "state": {
                "sortOrder": "frequency",
                "useHierarchy": true
              },
              "icon": "lucide-tags",
              "title": "Tags"
            }
          },
          {
            "id": "3970ab97b9c90b6c",
            "type": "leaf",
            "state": {
              "type": "outline",
              "state": {},
              "icon": "lucide-list",
              "title": "Outline"
            }
          }
        ]
      }
    ],
    "direction": "horizontal",
    "width": 300,
    "collapsed": true
  },
  "left-ribbon": {
    "hiddenItems": {
      "bases:Create new base": false,
      "switcher:Open quick switcher": false,
      "graph:Open graph view": false,
      "canvas:Create new canvas": false,
      "daily-notes:Open today's daily note": false,
      "templates:Insert template": false,
      "command-palette:Open command palette": false
    }
  },
  "active": "f20266f8bac1ff8d",
  "lastOpenFiles": [
    "Untitled.base",
    "2025-11-02.md",
    "Untitled 1.canvas",
    "Untitled 2.canvas",
    "Untitled.canvas",
    "Сон.md",
    "Эвенты.md",
    "Игровой цикл.md",
    "Вылазки.md",
    "Настойки.md",
    "Духи.md",
    "База.md",
    "Луны.md",
    "Травы,.md",
    "Травы, настойки, отвары.md",
    "Обживание базы.md",
    "Welcome.md"
  ]
}